{
  "original_reward_file": "/u/sx24/scratch/LTD_reproduce/evaluate/results/quant_transfer/Qwen3-14B/bf16_policy/bf16/benchmark_results_20260501_195725.json",
  "new_hwproxy_file": "/u/sx24/scratch/LTD_reproduce/evaluate/results/hardware_transfer/Qwen3-14B/bf16/h100/bf16_hwproxy/benchmark_results_20260506_214647.json",
  "original_gpu_name": "NVIDIA H100 80GB HBM3",
  "new_gpu_name": "NVIDIA H100 NVL",
  "rows": [
    {
      "dataset": "humaneval",
      "original_baseline_tok_s": 34.34052208154756,
      "original_eagle3_tok_s": 89.63144287885486,
      "original_rl_tok_s": 93.96037400453977,
      "original_rl_over_eagle3": 1.048297014826994,
      "original_rl_over_baseline": 2.736137027311771,
      "original_avg_acceptance_len": 4.235109268642844,
      "original_avg_size_tokens": 190.0,
      "original_avg_depth_stop": 5.159859286208409,
      "new_baseline_tok_s": 30.94586935796614,
      "new_eagle3_tok_s": 78.66023498663262,
      "new_rl_tok_s": 71.0382079667523,
      "new_rl_over_eagle3": 0.9031019037614674,
      "new_rl_over_baseline": 2.2955634933056266,
      "new_avg_acceptance_len": 3.013544070372847,
      "new_avg_size_tokens": 10.0,
      "new_avg_depth_stop": 3.0,
      "new_vs_original_rl_tok_s_pct": -24.395567046891465,
      "new_vs_original_rl_over_eagle3_pct": -13.850569925498535,
      "new_vs_original_rl_over_baseline_pct": -16.102027406098284,
      "new_eagle3_gap_pct": -9.689809623853263,
      "original_eagle3_gain_pct": 4.829701482699389
    },
    {
      "dataset": "alpaca",
      "original_baseline_tok_s": 34.54429555364234,
      "original_eagle3_tok_s": 84.98274417695058,
      "original_rl_tok_s": 90.06644341198417,
      "original_rl_over_eagle3": 1.0598203704089426,
      "original_rl_over_baseline": 2.607273993245104,
      "original_avg_acceptance_len": 3.94858893044645,
      "original_avg_size_tokens": 190.0,
      "original_avg_depth_stop": 4.92561392107248,
      "new_baseline_tok_s": 30.697383589926094,
      "new_eagle3_tok_s": 73.8067416008255,
      "new_rl_tok_s": 66.2957718363375,
      "new_rl_over_eagle3": 0.8982346381701803,
      "new_rl_over_baseline": 2.1596554521374145,
      "new_avg_acceptance_len": 2.830572842190813,
      "new_avg_size_tokens": 10.0,
      "new_avg_depth_stop": 3.0,
      "new_vs_original_rl_tok_s_pct": -26.39237286956506,
      "new_vs_original_rl_over_eagle3_pct": -15.246520707694334,
      "new_vs_original_rl_over_baseline_pct": -17.168066811059155,
      "new_eagle3_gap_pct": -10.176536182981966,
      "original_eagle3_gain_pct": 5.982037040894261
    },
    {
      "dataset": "gsm8k",
      "original_baseline_tok_s": 34.35522311539802,
      "original_eagle3_tok_s": 102.37405887521697,
      "original_rl_tok_s": 105.20238410263832,
      "original_rl_over_eagle3": 1.0276273624245842,
      "original_rl_over_baseline": 3.0621947570902717,
      "original_avg_acceptance_len": 4.794278622517959,
      "original_avg_size_tokens": 190.0,
      "original_avg_depth_stop": 5.705570704457931,
      "new_baseline_tok_s": 30.868970462960885,
      "new_eagle3_tok_s": 89.31710216136511,
      "new_rl_tok_s": 77.63104091901685,
      "new_rl_over_eagle3": 0.869162109388238,
      "new_rl_over_baseline": 2.5148568207729807,
      "new_avg_acceptance_len": 3.3042390025956077,
      "new_avg_size_tokens": 10.0,
      "new_avg_depth_stop": 3.0,
      "new_vs_original_rl_tok_s_pct": -26.207907186515953,
      "new_vs_original_rl_over_eagle3_pct": -15.420497626928032,
      "new_vs_original_rl_over_baseline_pct": -17.87404067131827,
      "new_eagle3_gap_pct": -13.083789061176198,
      "original_eagle3_gain_pct": 2.762736242458419
    },
    {
      "dataset": "mt_bench",
      "original_baseline_tok_s": 34.488013025467,
      "original_eagle3_tok_s": 89.84639002265087,
      "original_rl_tok_s": 94.00557343572305,
      "original_rl_over_eagle3": 1.046292159451522,
      "original_rl_over_baseline": 2.7257462865809776,
      "original_avg_acceptance_len": 4.173450466366674,
      "original_avg_size_tokens": 190.0,
      "original_avg_depth_stop": 5.058932334917152,
      "new_baseline_tok_s": 31.706490853725636,
      "new_eagle3_tok_s": 80.59827824991119,
      "new_rl_tok_s": 71.60356509515859,
      "new_rl_over_eagle3": 0.8884006786489572,
      "new_rl_over_baseline": 2.2583251305069885,
      "new_avg_acceptance_len": 2.9327029474990653,
      "new_avg_size_tokens": 10.0,
      "new_avg_depth_stop": 3.0,
      "new_vs_original_rl_tok_s_pct": -23.83051081102334,
      "new_vs_original_rl_over_eagle3_pct": -15.090572874533748,
      "new_vs_original_rl_over_baseline_pct": -17.14837358029737,
      "new_eagle3_gap_pct": -11.159932135104278,
      "original_eagle3_gain_pct": 4.629215945152199
    },
    {
      "dataset": "average",
      "original_baseline_tok_s": 34.432013444013734,
      "original_eagle3_tok_s": 91.7086589884183,
      "original_rl_tok_s": 95.80869373872133,
      "original_rl_over_eagle3": 1.0455092267780106,
      "original_rl_over_baseline": 2.782838016057031,
      "original_avg_acceptance_len": 4.287856821993482,
      "original_avg_size_tokens": 190.0,
      "original_avg_depth_stop": 5.2124940616639925,
      "new_baseline_tok_s": 31.05467856614469,
      "new_eagle3_tok_s": 80.59558924968361,
      "new_rl_tok_s": 71.6421464543163,
      "new_rl_over_eagle3": 0.8897248324922107,
      "new_rl_over_baseline": 2.3071002241807523,
      "new_avg_acceptance_len": 3.020264715664583,
      "new_avg_size_tokens": 10.0,
      "new_avg_depth_stop": 3.0,
      "new_vs_original_rl_tok_s_pct": -25.206589478498955,
      "new_vs_original_rl_over_eagle3_pct": -14.902040283663663,
      "new_vs_original_rl_over_baseline_pct": -17.07312711719327,
      "new_eagle3_gap_pct": -11.027516750778926,
      "original_eagle3_gain_pct": 4.550922677801067
    }
  ]
}