{
  "uncalibrated": "/u/sx24/scratch/LTD_reproduce/evaluate/results/hardware_transfer/Qwen3-14B/bf16/rtxa6000/bf16_hwproxy/benchmark_results_20260506_154704.json",
  "calibrated": "/u/sx24/scratch/LTD_reproduce/evaluate/results/hardware_transfer_calibrated/a6000_light/Qwen3-14B/bf16/rtxa6000/bf16_hwproxy/benchmark_results_20260506_210802.json",
  "rows": [
    {
      "dataset": "humaneval",
      "uncal_baseline_tok_s": 20.046645452192333,
      "uncal_eagle3_tok_s": 50.34418437979215,
      "uncal_rl_tok_s": 46.070831899439426,
      "uncal_rl_over_eagle3": 0.9151172566802368,
      "uncal_rl_over_baseline": 2.2981816089534846,
      "uncal_avg_acceptance_len": 2.9852385475186995,
      "uncal_avg_size_tokens": 10.0,
      "uncal_avg_depth_stop": 3.0,
      "cal_baseline_tok_s": 20.032138462689318,
      "cal_eagle3_tok_s": 50.312967445354786,
      "cal_rl_tok_s": 46.03636791850551,
      "cal_rl_over_eagle3": 0.9150000537834682,
      "cal_rl_over_baseline": 2.2981254849176556,
      "cal_avg_acceptance_len": 2.9852385475186995,
      "cal_avg_size_tokens": 10.0,
      "cal_avg_depth_stop": 3.0,
      "cal_vs_uncal_rl_tok_s_pct": -0.07480650883218143,
      "cal_vs_uncal_ratio_points": -0.00011720289676864226,
      "cal_vs_uncal_ratio_pct": -0.012807418493432365
    },
    {
      "dataset": "alpaca",
      "uncal_baseline_tok_s": 20.288762367294538,
      "uncal_eagle3_tok_s": 48.134439851522174,
      "uncal_rl_tok_s": 44.787487267133855,
      "uncal_rl_over_eagle3": 0.9304665724850546,
      "uncal_rl_over_baseline": 2.207502185511879,
      "uncal_avg_acceptance_len": 2.8549143915239186,
      "uncal_avg_size_tokens": 10.0,
      "uncal_avg_depth_stop": 3.0,
      "cal_baseline_tok_s": 20.27273485751349,
      "cal_eagle3_tok_s": 48.09751320142288,
      "cal_rl_tok_s": 44.73076840105462,
      "cal_rl_over_eagle3": 0.930001686651262,
      "cal_rl_over_baseline": 2.206449633729436,
      "cal_avg_acceptance_len": 2.8549143915239186,
      "cal_avg_size_tokens": 10.0,
      "cal_avg_depth_stop": 3.0,
      "cal_vs_uncal_rl_tok_s_pct": -0.12663998259365705,
      "cal_vs_uncal_ratio_points": -0.000464885833792561,
      "cal_vs_uncal_ratio_pct": -0.049962658255520154
    },
    {
      "dataset": "gsm8k",
      "uncal_baseline_tok_s": 20.185510165625036,
      "uncal_eagle3_tok_s": 56.78833659268148,
      "uncal_rl_tok_s": 51.578661576223176,
      "uncal_rl_over_eagle3": 0.9082615316975194,
      "uncal_rl_over_baseline": 2.555232003204912,
      "uncal_avg_acceptance_len": 3.3179756797850275,
      "uncal_avg_size_tokens": 10.0,
      "uncal_avg_depth_stop": 3.0,
      "cal_baseline_tok_s": 20.170524191631035,
      "cal_eagle3_tok_s": 56.75498988141982,
      "cal_rl_tok_s": 51.555901427284404,
      "cal_rl_over_eagle3": 0.9083941612006619,
      "cal_rl_over_baseline": 2.5560020620919457,
      "cal_avg_acceptance_len": 3.3179756797850275,
      "cal_avg_size_tokens": 10.0,
      "cal_avg_depth_stop": 3.0,
      "cal_vs_uncal_rl_tok_s_pct": -0.04412706387337817,
      "cal_vs_uncal_ratio_points": 0.00013262950314241184,
      "cal_vs_uncal_ratio_pct": 0.014602567488952722
    },
    {
      "dataset": "mt_bench",
      "uncal_baseline_tok_s": 20.20359907253154,
      "uncal_eagle3_tok_s": 49.9794553286237,
      "uncal_rl_tok_s": 45.9706058750092,
      "uncal_rl_over_eagle3": 0.9197900531877425,
      "uncal_rl_over_baseline": 2.2753671615623197,
      "uncal_avg_acceptance_len": 2.9475009209989116,
      "uncal_avg_size_tokens": 10.0,
      "uncal_avg_depth_stop": 3.0,
      "cal_baseline_tok_s": 20.168024789611085,
      "cal_eagle3_tok_s": 49.85907831400375,
      "cal_rl_tok_s": 45.78650321510352,
      "cal_rl_over_eagle3": 0.9183182835179611,
      "cal_rl_over_baseline": 2.270252228105599,
      "cal_avg_acceptance_len": 2.9475009209989116,
      "cal_avg_size_tokens": 10.0,
      "cal_avg_depth_stop": 3.0,
      "cal_vs_uncal_rl_tok_s_pct": -0.40047908092888385,
      "cal_vs_uncal_ratio_points": -0.0014717696697814642,
      "cal_vs_uncal_ratio_pct": -0.16001147921536063
    },
    {
      "dataset": "average",
      "uncal_baseline_tok_s": 20.181129264410863,
      "uncal_eagle3_tok_s": 51.31160403815488,
      "uncal_rl_tok_s": 47.101896654451416,
      "uncal_rl_over_eagle3": 0.9184088535126383,
      "uncal_rl_over_baseline": 2.334070739808149,
      "uncal_avg_acceptance_len": 3.026407384956639,
      "uncal_avg_size_tokens": 10.0,
      "uncal_avg_depth_stop": 3.0,
      "cal_baseline_tok_s": 20.160855575361232,
      "cal_eagle3_tok_s": 51.25613721055031,
      "cal_rl_tok_s": 47.027385240487014,
      "cal_rl_over_eagle3": 0.9179285462883384,
      "cal_rl_over_baseline": 2.332707352211159,
      "cal_avg_acceptance_len": 3.026407384956639,
      "cal_avg_size_tokens": 10.0,
      "cal_avg_depth_stop": 3.0,
      "cal_vs_uncal_rl_tok_s_pct": -0.16151315905702512,
      "cal_vs_uncal_ratio_points": -0.0004803072243000639,
      "cal_vs_uncal_ratio_pct": -0.05204474711884011
    }
  ]
}